RespondentID,Section,Course,Term,Open,Text,Q1R1,Q1R2,Q1R3,Q1R4,Q1R5,Q1R6,Q1R7,Q2,Q3R1,Q3R2,Q3R3,Q3R4,Q3R5,Q4R1,Q4R2,Q4R3,Q4R4,Q4R5,Q4R6,Q5,Q6,Q7,Q8,Q9,Q10,Q11,Q12,Q13,Q14,Q15,Q16,Q17,Q18,Q19,Q20,Q21,Q22,Q23,Q23Rev,Q24,Q25,Q26,Q26R1,Q26R2,Q26R3,Q26R4,Q26R5,Q26R6,Q26R7,Q26Other,Q27,Q27GPA
4403520814,F15PHIL379,PHIL379,Fall,Commercial,BBJ,1,0,0,1,0,0,0,Evince,0,0,1,0,0,0,0,1,0,0,0,5,1,1,1,5,5,4,5,4,4,3,3,4,3,It complemented the lectures well.,"I picked up the book several semesters ago hoping to read it in my free time. At that point I found it nearly impenetrable and quickly gave up on it. However, while taking this course I began reading through it and found that it was nearly trivial.    I believe the reason for this is the lack of formalism in the text. A reader unfamiliar with the material may read an explanation given in English prose and parse it differently than the intended way (thus encountering a lot of confusion). Meanwhile, a reader who already knows where this is going (perhaps after covering analogous material in computability, foundations, and other logic books, or even by just attending class) will find the explanations clear and easy to grasp because they'll understand and interpret things within the context of intuition they've acquired.",4,5,4,2,1,4,MATH,1,1,0,0,0,0,0,,A+,4.3
4403155322,F15PHIL379,PHIL379,Fall,Commercial,BBJ,1,0,0,1,0,0,0,,1,1,0,0,0,1,1,0,1,0,0,6,4,3,3,5,5,3,2,2,1,4,1,3,1,Unfortunately nothing.  ,"In my opinion, authors of the text assume that everyone has a natural tendency to understand formal issues easily. That is not true. Although I have some logic and math background, I did not understand most parts of the text. The second problem relates to very very limited solved exercises. The Book provides good examples, however they are not always helpful to solve other exercises. There are too many issues on the book, but too less explanations and solved exercises. ",3,1,3,3,1,2,PHIL,0,0,0,1,0,0,0,,B+,3.3
4402950106,F15PHIL379,PHIL379,Fall,Commercial,BBJ,1,0,0,0,0,0,0,,0,0,1,0,0,0,0,1,0,0,0,6,4,2,4,5,5,1,4,2,2,3,1,1,2,It's intuitive in its descriptions. ,"I think it needs the ""Lemma Theorem Proof""  style of other texts that introduce formal material. I don't want to try and read through a wall of text and random italics every time I need a definition or lemma. ",4,1,4,2,1,4,MATH,1,0,0,0,0,0,0,,A-,3.7
4402795481,F15PHIL379,PHIL379,Fall,Commercial,BBJ,0,0,0,1,0,0,0,Adobe,0,0,0,0,1,0,0,0,0,0,1,2,1,1,1,1,1,2,1,2,3,3,1,1,1,Nothing,"Since my professor did not follow the book, it ended up creating a gap in direction. Where the prof would go in one direction and the book would go in the other. This was extremely evident in the book however, as if you were trying to go review some concepts the prof mentioned, you would need to know the previous concepts the book mentioned and not the previous concepts the professor mentioned.",1,1,5,1,1,2,CPSC,0,1,0,0,0,0,0,,W,0
4402768563,F15PHIL379,PHIL379,Fall,Commercial,BBJ,1,0,0,0,0,0,0,,1,0,0,1,0,1,1,0,1,1,0,3,3,3,2,4,4,3,3,3,3,2,2,2,2,,,2,3,5,1,1,5,CPSC,0,1,0,0,0,0,0,,B+,3.3
4402753820,F15PHIL379,PHIL379,Fall,Commercial,BBJ,1,0,0,0,0,0,0,,1,0,1,1,0,0,0,0,0,0,1,6,3,2,3,5,5,,,,,,,,,,,,,,,,,OTHR,0,0,0,0,0,0,0,,,
4388820831,F15PHIL379,PHIL379,Fall,Commercial,BBJ,1,0,0,0,0,0,0,,0,0,0,0,0,0,0,0,0,0,0,2,4,2,1,4,4,2,3,3,5,2,,4,4,"It attempts to present logic in an almost conversational matter, explaining incrementally and giving informal examples before delving into the formality.","Very hard to find exact things you need. It's not divided up well into sections, and often important definitions lie in the middle of half-page long paragraphs.",2,4,3,3,1,2,MATH,1,1,0,0,0,0,0,,A+,4.3
4385247671,F15PHIL379,PHIL379,Fall,Commercial,BBJ,1,0,0,0,0,0,0,,0,0,0,0,0,0,0,0,0,0,0,5,3,3,1,3,3,2,3,2,1,2,2,1,2,"For some of the more simple material, it was fairly easy to understand. It was helpful to read some of the theorems from it to do the homework problems. The questions at the end of each chapter were very similar to the homework and test questions.","Some sort of glossary would have been helpful because there are some terms that were difficult to remember that I had to look up repeatedly. There were no answers or hints for the practice problems so when I tried to do them to study, I would have no idea whether or not I was right. It's difficult to understand the proofs and theorems when they mostly just appear in walls of text. I found I had to constantly go back and re-read previous sentences in paragraphs to keep everything straight.",4,1,4,2,1,3,PHIL,0,0,0,1,0,0,0,,C,2
4384569388,F15PHIL379,PHIL379,Fall,Commercial,BBJ,1,0,0,0,0,0,0,,0,0,1,0,0,0,0,0,0,0,0,4,2,3,1,4,4,4,2,2,,2,1,1,2,,"Very little in the way of highlighting, underlining, or separating the information. It was often just walls of text broken up by the occasional diagram",3,2,4,2,1,4,CPSC,0,1,0,0,0,0,0,,B+,3.3
4384501982,F15PHIL379,PHIL379,Fall,Commercial,BBJ,1,0,0,0,0,0,0,,1,0,1,0,0,0,0,0,0,0,1,6,3,4,4,5,5,4,4,4,4,4,4,3,4,,,3,4,2,4,1,3,CPSC,0,1,0,0,0,0,0,,W,0
4384428586,F15PHIL379,PHIL379,Fall,Commercial,BBJ,1,0,0,0,0,0,0,,0,0,1,0,0,0,0,0,0,0,0,2,1,1,1,1,3,2,3,2,2,2,2,2,1,,"Because I am not from a 1 or 1 background, the material was essentially inaccessible to me. Even when Professor Kazmi referred to the text in lecture, the text was like reading in a different language. The lectures and review sessions provided more than enough information and understanding to grasp the concepts. The text book, on the other hand, confused me by providing too much extra information that I was not learning. The course was amazing, the text book was not necessary and was never used by myself.",3,1,1,5,1,2,PHIL,0,0,0,1,0,0,0,,C+,2.3
4382860193,F15PHIL379,PHIL379,Fall,Commercial,BBJ,0,0,0,1,0,0,0,Adobe,0,0,0,0,1,0,0,0,0,0,0,2,1,2,1,1,2,3,3,3,3,3,3,3,3,N/A,"I read the first chapter of the text and then stopped. The text's explanations of concepts were, from my limited experience, lengthy and detailed. The text was bland and I chose not to continue using it because I did not find the need for it. I also believed time put into reading the text would not be an effective use of my time.     I would have referred to the text if it had much smaller packages of information I could refer to, but finding something useful among the text of the chapter seemed daunting.",1,1,3,3,1,2,CPSC,0,1,0,0,0,0,0,,A,4
4382858365,F15PHIL379,PHIL379,Fall,Commercial,BBJ,1,0,0,0,0,0,0,,0,0,1,0,0,0,0,0,0,0,1,4,2,2,1,3,3,1,3,2,1,1,2,2,1,It is relatively cheap.,"Everything is ""organised"" in large paragraphs rather than point form. When reading proofs, it's much harder to follow a wall of text in comparison to nicely outlined, step-by-step solutions. Theorems are also nested inside huge paragraphs rather than being pulled out into a separate block and highlighted in some way, as my Logic I textbook did. Overall, it was hard to follow and not at all useful. ",4,4,5,1,2,3,CPSC,0,1,0,0,0,0,0,,A,4
4382319780,F15PHIL379,PHIL379,Fall,Commercial,BBJ,1,0,0,0,0,0,0,,1,1,0,0,0,0,0,0,0,0,0,5,3,2,1,4,4,4,3,2,2,3,2,1,2,,"Too condensed, with very few practical examples, overly demanding expectation of familiarity with subject. Lack of detailed answer key. Limited relevance to the assignments and exams.",4,4,3,3,1,2,CPSC,0,1,0,0,0,0,0,,D+,1.3
4382290154,F15PHIL379,PHIL379,Fall,Commercial,BBJ,0,0,0,1,0,0,0,"Adobe, Chrome",0,0,0,0,1,0,0,1,0,0,0,4,1,1,1,3,5,1,5,2,3,4,1,1,2,Basically nothing.,"The textbook has very few graphical examples and tends to have pages of very dense reading that ends up making a simple concept far more complicated than it has to be, rather than just showing a few graphical examples. I learned almost nothing from this textbook, every time I would look something up in it I would spend a huge amount of time trying to understand a simple concept and just end up frustrated and confused. I remember spending hours trying to understand this textbook's explanation of Cantor's diagonal argument, eventually I just googled it and in literally 5 minutes of reading and looking at the diagrams on the wikipedia page I understood it completely. I have talked to many of my peers regarding this textbook and they all feel the same way. I learn best when I see diagrams with a detailed explanation - 6 pages of text can be less effective than 2 paragraphs and a couple of diagrams.",1,1,5,1,1,3,CPSC,0,1,0,0,0,0,0,,B-,2.7
4382278735,F15PHIL379,PHIL379,Fall,Commercial,BBJ,1,0,0,0,0,0,0,,0,0,1,0,0,0,0,0,0,0,1,5,2,1,1,4,4,4,3,2,2,4,5,1,1,The text was very formal and essentially did do it's job in explaining the proofs that the professor had gone over in class.,"The text is very dry, and tends to jump right into things. I found the course challenging and the text did not do much to help at all",3,1,4,2,1,2,CPSC,0,1,0,0,0,0,0,,C,2
4382137774,F15PHIL379,PHIL379,Fall,Commercial,BBJ,1,0,0,0,0,0,0,,0,0,0,0,0,0,0,0,0,0,0,4,1,1,1,2,1,,,,,4,4,3,4,It was only $40,,3,5,1,5,1,3,PHYS,0,0,1,0,0,0,0,,A,4
4382113893,F15PHIL379,PHIL379,Fall,Commercial,BBJ,0,1,0,0,0,0,0,"Adobe Reader, preview ",0,0,0,0,1,0,0,1,0,0,0,2,1,1,1,3,3,4,2,2,4,1,2,1,2,,"Extremely dry and verbose. Often difficult to read. The text only sort of follows what is done in lecture, with some serious omissions (proving most claims directly instead of using the tree method used it class). ",4,3,5,1,1,4,CPSC,0,1,0,0,0,0,0,,A,4
4381950375,F15PHIL379,PHIL379,Fall,Commercial,BBJ,1,0,0,0,0,0,0,,1,1,1,1,0,0,0,0,0,0,1,4,3,4,1,4,5,3,2,1,2,3,1,1,1,Absolutely nothing ,"How it is written in such a way that in order to understand what is being said, one must already have some previous knowledge of the material (which I don't because if I already know it, I wouldn't be taking the course). Also, the practice questions are always either incredibly hard or super easy. Either way, they are not very helpful.",3,1,5,1,1,4,PHIL,0,0,0,1,0,0,0,,W,0
4381899221,F15PHIL379,PHIL379,Fall,Commercial,BBJ,1,0,0,0,0,0,0,,0,0,0,0,1,0,0,0,0,0,1,5,2,3,1,3,4,3,1,3,4,4,3,2,3,What material it had was well explained.,I wish it had more content related to the second half of the course. Proofs used different methods from class methods.,3,4,4,2,1,5,CPSC,0,1,0,0,0,0,0,,C-,1.7
4381837924,F15PHIL379,PHIL379,Fall,Commercial,BBJ,1,0,0,0,0,0,0,,0,0,0,0,1,0,0,0,0,0,0,2,1,1,1,1,2,1,3,2,5,3,1,2,2,Nothing really. The text we used for this semester barely pertained to the course material as we learned it. It covered the same theorems / concepts etc. but our prof consistently used different proofs than what were provided in the text.,No step-by-step examples for the practice questions (or even solutions for that matter!).,1,2,3,3,1,1,CPSC,0,1,0,0,0,0,0,,A-,3.7
4381710007,F15PHIL379,PHIL379,Fall,Commercial,BBJ,1,0,0,0,0,0,0,,1,0,0,0,0,0,0,0,0,0,1,6,2,2,2,2,2,3,3,3,3,3,3,3,3,,,4,5,5,1,2,3,CPSC,0,1,0,0,0,0,0,,,
4381673286,F15PHIL379,PHIL379,Fall,Commercial,BBJ,0,0,0,0,0,0,1,,0,0,0,0,1,0,0,0,0,0,1,1,1,1,1,1,1,,,,,,,,,,,,,,,,,OTHR,0,0,0,0,0,0,0,,,
4683947931,W16PHIL379,PHIL379,Winter,Open,SLC,1,0,0,0,0,0,0,,0,0,1,0,0,0,0,1,0,0,0,5,1,2,2,5,5,4,4,3,3,3,4,3,3,Contained a bulk of important theorems and the proofs of them.,Could have been more clear and understandable when working through examples.,2,5,1,5,1,3,CPSC,0,1,0,0,0,0,0,,B+,3.3
4682898655,W16PHIL379,PHIL379,Winter,Open,SLC,0,0,0,1,0,0,0,Microsoft Edge,0,0,0,0,1,0,0,1,0,0,0,4,1,3,1,5,5,3,4,4,3,3,3,5,4,"The professor was very well aquatinted with the text (obviously), and so there was a great synergy. During a lecture, he would constantly relate the material to the text. This was awesome, because the material is dense and the symbology isn't as immediately and effortlessly ""parseable"" as language that we use more often. Having ties between the lecture and the text allowed easier ""points of entry"" into the text material, which were invaluable and motivating. I really liked how the electronic text had links to jump to other relevant parts of the text, it really helped bind related ideas. ","There were a few instances where I felt that an example didn't clearly enough demonstrate a concept. For example, I would suggest re-working example 7.7, which is a natural deduction involving an existential quantifier. I feel that since example 7.6 was a fairly complete example of a natural deduction without any quantifiers, that the focus of 7.7 ought be eigenvariable conditions. Although touched upon, the concept is not well illustrated in my opinion.",3,3,3,3,1,4,CPSC,0,1,0,0,0,0,0,,,
4676643772,W16PHIL379,PHIL379,Winter,Open,SLC,1,0,0,1,0,0,0,"Adobe, Nitro",1,1,0,0,0,0,0,0,0,0,0,6,3,1,2,5,5,2,2,3,5,3,4,1,2,,,2,5,2,4,1,4,PHIL,0,0,0,1,0,0,0,,A-,3.7
4675160844,W16PHIL379,PHIL379,Winter,Open,SLC,1,0,0,0,0,0,0,,1,0,1,0,0,0,0,0,0,0,1,6,3,3,4,5,5,5,5,4,4,4,4,4,5,Covers everything,Lesser examples,2,5,1,5,2,2,CPSC,0,1,0,1,0,0,0,,,
4664271647,W16PHIL379,PHIL379,Winter,Open,SLC,1,0,0,1,0,0,0,,0,0,0,0,0,0,0,0,0,0,0,4,1,1,2,2,3,4,3,3,4,4,2,2,3,"I like that the hardcopy is well-made, colorful title, and good size to access.","The material itself is a bit hard to engage in, and perhaps the explanations are too math-heavy and not easy to understand.    ",2,5,1,5,1,3,CPSC,0,1,0,0,0,0,0,,B+,3.3
4657131348,W16PHIL379,PHIL379,Winter,Open,SLC,0,0,0,1,0,0,0,,0,0,0,0,1,0,0,1,0,0,0,5,2,4,3,2,4,,,,,,,,,,,,,,,,,OTHR,0,0,0,0,0,0,0,,,
4655571690,W16PHIL379,PHIL379,Winter,Open,SLC,0,0,0,1,0,0,0,Adobe,0,0,0,0,1,0,0,0,0,1,0,4,1,3,1,5,5,4,4,4,4,3,2,2,2,,,,,,,1,3,OTHR,0,0,0,0,0,0,1,Natural Science,A-,3.7
4653846699,W16PHIL379,PHIL379,Winter,Open,SLC,1,0,0,1,0,0,0,Adobe,0,0,0,0,0,0,0,0,0,0,0,5,3,2,1,4,4,4,4,4,3,4,4,4,4,,,4,1,1,5,3,2,CPSC,0,1,0,0,0,0,0,,A-,3.7
4653785317,W16PHIL379,PHIL379,Winter,Open,SLC,1,0,0,1,0,0,0,Chrome,0,0,1,0,0,0,0,1,0,0,0,5,1,2,3,4,4,4,3,3,2,5,4,3,4,"Lots of explanation of all concepts, regardless of complexity. ","Some particularly lemmas and proofs have been left as excersizes. Conversely, some very similar lemmas have been fully shown to the point of redundancy. This is particularly prevalent in the middle of the book most heavily regarding metallic (as opposed to functions, relations, Turing machines and decidability. ",3,5,2,4,1,2,CPSC,0,1,0,0,0,0,0,,B,3
4644440984,W16PHIL379,PHIL379,Winter,Open,SLC,0,0,0,1,0,0,0,D2L,0,0,0,0,1,0,0,1,0,0,0,4,1,1,1,4,5,4,4,3,2,5,3,4,4,"Well organized, interesting usually, and detailed","To me a textbook is where I'm meant to go first when I don't understand a concept, and so when significant parts of a proof were left as exercises it was difficult to understand why some things were the case",3,1,1,5,1,3,CPSC,0,1,0,0,0,0,0,,B+,3.3
4643953122,W16PHIL379,PHIL379,Winter,Open,SLC,0,0,0,1,0,0,0,Adobe,0,0,0,0,1,0,0,1,0,0,0,6,3,4,2,5,5,5,5,4,4,5,4,4,4,"I like how the text is organized, along with discussions on the motivations and applications of the material. Providing some historical context gives the text some life, and the biographies were very interesting to read.    The presentation of the material feels clean. I found the proofs to be simple to follow, and the definitions were clearly stated. The exercises were very helpful for digesting the material.","It is visually unappealing when there are several propositions in a row, and their proofs are stated to be left as an exercise. If there are several propositions that are similar in nature, it would be better if they were stated as a single proposition with multiple parts.    I personally prefer when exercises/problems are inserted within the chapters. Exercises are important in learning, and they give the reader something to think about as they read through the text.",2,1,1,5,1,4,MATH,1,0,0,0,0,0,0,,A-,3.7
4642989312,W16PHIL379,PHIL379,Winter,Open,SLC,0,0,0,1,0,0,0,Adobe,0,0,0,0,1,0,0,1,1,0,0,6,2,3,1,5,5,4,5,2,5,4,2,2,2,Very through,"Doesn't spend enough time explaining everything - it is hard to learn only with the text (which a person should be able to do), a person needs to go to class in order to get the basis so they can begin to understand the text.",3,1,1,5,1,2,CPSC,0,1,0,0,0,0,0,,C+,2.3
4640749096,W16PHIL379,PHIL379,Winter,Open,SLC,1,0,0,1,0,0,0,Drawboard PDF,0,0,0,0,1,1,1,1,0,0,0,6,3,3,3,5,5,5,2,2,1,4,2,4,2,I like that it mirrors what we cover in lectures.,"There are far too many errors in the text, which may not seem that important to someone who knows the material already and can determine what is an error and what isn't, but to someone seeing the material for the first time, it causes much unnecessary confusion.",3,3,1,5,1,2,CPSC,0,1,0,0,0,0,0,,A-,3.7
4638749250,W16PHIL379,PHIL379,Winter,Open,SLC,1,0,0,0,0,0,0,,0,0,1,0,0,0,0,1,0,0,0,6,3,3,3,5,5,4,4,3,3,4,4,4,4,"Gets straight to the point, really helpful for looking back on material.","A few more examples in some sections would be nice. Some sections move a bit too quickly. I find the textbook is very good when you have a lecture to supplement it, but I am not sure it would stand on its own as well.",3,4,1,5,1,4,PHYS,0,0,1,0,0,0,0,,A,4
4638674244,W16PHIL379,PHIL379,Winter,Open,SLC,1,0,0,0,0,0,0,,1,0,1,1,0,0,0,0,0,0,0,6,3,3,2,5,5,4,4,4,2,4,3,4,4,simple and clear explanation,not enough exercises  there is no solution for the exercise problems,3,3,1,5,2,5,PHIL,0,0,0,1,0,0,0,,B+,3.3
4638671765,W16PHIL379,PHIL379,Winter,Open,SLC,0,0,1,1,0,0,0,PDF-XChange,0,0,1,0,0,0,0,1,0,0,0,5,1,2,1,2,4,5,5,3,4,3,2,4,3,,,3,1,1,5,1,5,PHIL,0,0,0,1,0,0,0,,B,3
4638553772,W16PHIL379,PHIL379,Winter,Open,SLC,1,0,0,1,0,0,0,Adobe,0,0,0,0,0,0,0,0,0,0,0,6,2,1,1,5,5,5,5,5,5,5,5,3,5,This text mirrors what we have learned in class very well. I can use it to relearn or clarify just about anything in lecture.,There are occasionally errors in the book. I wish there were more solved problems to practice with.,3,5,1,5,1,3,CPSC,0,1,0,0,0,0,0,,B,3
4638530848,W16PHIL379,PHIL379,Winter,Open,SLC,0,0,0,1,0,0,0,D2L,0,0,0,0,1,0,0,0,0,0,0,5,2,2,3,5,5,4,4,4,4,4,4,4,5,Searchable and free!,Not much to dislike — it's solid!,2,5,1,5,1,2,CPSC,0,1,0,0,0,0,0,,B+,3.3
4638468749,W16PHIL379,PHIL379,Winter,Open,SLC,0,0,0,1,0,0,0,Adobe,0,0,0,0,1,0,0,1,0,0,0,6,1,1,1,5,5,4,5,2,2,5,2,3,2,How organized it is.,"No answers are provided for practice problems, the use of undefined terms, and lack of examples that expand and show application on some of the topics.",3,1,2,4,1,4,OTHR,0,0,0,0,0,0,1,Psychology,B,3
4638418847,W16PHIL379,PHIL379,Winter,Open,SLC,0,0,0,1,0,0,0,Preview,0,0,0,0,1,0,0,1,1,0,0,6,4,3,5,5,5,5,4,4,4,5,4,5,5,"I like that there are clear sections with clear examples, definitions, theorems, etc...",I would like for there to be more examples included.,,1,1,5,1,,CPSC,0,1,0,0,0,0,0,,A+,4.3
4638412556,W16PHIL379,PHIL379,Winter,Open,SLC,1,0,0,0,0,0,0,,0,1,0,1,0,0,0,1,0,0,0,6,2,4,1,5,5,4,5,4,5,4,,2,2,A very logical and well thought out progression throughout the text.,"There are still a few grammatical mistakes in the text. In addition, some select concepts that are difficult in class ie) decision problem should be given more examples",3,1,1,5,1,3,CPSC,0,1,0,0,0,0,0,,B,3
4638386968,W16PHIL379,PHIL379,Winter,Open,SLC,1,0,0,1,0,0,0,Adobe,0,0,1,0,0,0,0,1,1,1,0,6,5,5,2,5,5,4,2,2,4,4,2,3,3,,Incorrect or missing information makes it hard to understand,6,1,1,5,1,3,MATH,1,1,0,1,0,0,0,,B,3
4638328630,W16PHIL379,PHIL379,Winter,Open,SLC,1,0,0,1,0,0,0,Drawboard PDF,0,0,1,0,0,0,1,1,0,0,0,5,2,3,1,5,5,4,5,3,4,4,4,3,4,,,2,5,1,5,1,4,CPSC,0,1,0,0,0,0,0,,A+,4.3
5345715851,W17PHIL279L02,PHIL279,Winter,Open,ForallX,0,0,0,1,0,0,0,Adobe,0,0,0,0,1,1,0,0,0,0,0,6,3,4,3,5,5,5,5,4,5,4,4,4,5,The explanations were clear and easy to pick up for someone who does not have a background in 1. I also liked that the were a bunch of practice problems.,I felt that the textbook should have had more examples on rules of Identity (chapter 33) and Basic Rules For FOL (chapter 32).,3,1,1,5,1,1,MATH,1,0,0,0,0,0,0,,B,3
5345483713,W17PHIL279L02,PHIL279,Winter,Open,ForallX,0,0,1,0,0,0,0,,1,1,0,0,0,0,0,0,0,0,1,6,3,2,2,5,5,3,3,5,4,4,4,,3,,,2,1,1,5,2,1,CPSC,0,1,0,0,0,0,0,,B+,3.3
5338990820,W17PHIL279L02,PHIL279,Winter,Open,ForallX,1,0,0,0,0,0,0,,1,1,0,0,0,0,0,1,0,0,0,6,3,1,3,5,4,4,4,4,4,4,4,3,4,,,2,5,1,5,2,1,NEUR,0,0,0,0,0,1,0,,A-,3.7
5337956888,W17PHIL279L02,PHIL279,Winter,Open,ForallX,1,0,0,0,0,0,0,,0,0,0,1,0,0,0,0,1,0,0,6,5,5,5,5,5,5,5,5,5,5,5,5,5,,,2,5,1,5,1,1,NEUR,0,0,0,0,0,1,0,,A+,4.3
5336271148,W17PHIL279L02,PHIL279,Winter,Open,ForallX,0,0,0,1,0,0,0,pdf,0,0,0,0,1,0,0,1,0,0,0,2,1,1,1,1,1,3,3,3,3,3,3,3,3,,,0,3,2,4,1,1,CPSC,0,1,0,0,0,0,0,,B+,3.3
5335438213,W17PHIL279L02,PHIL279,Winter,Open,ForallX,0,0,0,1,0,0,0,Microsoft Edge,1,1,1,1,0,0,0,1,1,1,0,6,3,4,4,5,5,4,3,3,5,4,4,2,4,,,0,4,1,5,2,2,OTHR,0,0,0,0,0,0,1,Law and Society,B,3
5332296420,W17PHIL279L02,PHIL279,Winter,Open,ForallX,1,0,0,0,0,0,0,Adobe,1,0,1,0,0,0,0,0,0,1,0,2,1,1,2,4,4,3,3,3,3,3,2,2,2,,There is example which told u what's wrong but don't have example tell u what is right,2,5,4,2,2,1,PHIL,0,0,0,1,0,0,0,,B,3
5331923959,W17PHIL279L02,PHIL279,Winter,Open,ForallX,1,0,0,1,0,0,0,pdf,0,0,0,1,0,0,0,0,0,0,0,6,2,3,5,5,5,3,4,2,3,3,1,3,3,,-some of the explanations are too vague  -cannot find answer key for all questions  -some mistakes ,3,1,1,5,1,1,CPSC,0,1,0,0,0,0,0,,B+,3.3
5330798339,W17PHIL279L02,PHIL279,Winter,Open,ForallX,1,0,0,0,0,0,0,qpdfview,1,0,0,1,0,0,0,1,0,0,0,6,3,3,2,4,5,5,3,3,4,5,3,3,4,The use of English sentences when explaining difficult concepts. The number and variety of examples is also helps a lot. ,,2,4,1,5,1,2,CPSC,0,1,0,0,0,0,0,,A-,3.7
5330723626,W17PHIL279L02,PHIL279,Winter,Open,ForallX,0,0,0,1,0,0,0,Adobe,0,0,0,0,1,0,0,0,1,0,0,5,2,2,4,5,5,4,4,5,4,5,4,5,5,,,0,4,1,5,1,1,ENGG,0,0,0,0,1,0,0,,A,4
5325745456,W17PHIL279L02,PHIL279,Winter,Open,ForallX,0,0,0,1,0,0,0,,0,0,0,0,1,0,0,0,1,0,0,4,1,1,2,3,5,3,3,2,3,3,3,2,3,,,0,1,,,2,1,CPSC,0,1,0,0,0,0,0,,B,3
5325653090,W17PHIL279L02,PHIL279,Winter,Open,ForallX,1,0,0,1,0,0,0,,1,1,1,0,0,0,0,1,0,0,0,5,2,1,1,5,3,3,3,2,3,3,2,2,3,"On certain devices, the electronic version seems to only download the first 200 pages.",Not many worked through examples and the explanations are often unclear. Some sections don't have practice problems and there were lots of sections that didn't have solutions in the solution manual.,2,5,2,4,2,3,MATH,1,0,0,0,0,0,0,,A,4
5325206812,W17PHIL279L02,PHIL279,Winter,Open,ForallX,1,0,0,1,0,0,0,Mac Preview,0,0,1,0,0,0,0,1,0,0,0,6,3,2,2,4,4,5,4,5,5,5,5,5,5,I enjoyed the light humour and the price was very fair.,Answers to the questions were only electronic.,2,4,1,5,1,1,OTHR,0,0,0,0,0,0,1,Accounting,B+,3.3
5325186569,W17PHIL279L02,PHIL279,Winter,Open,ForallX,0,1,0,0,0,0,0,Adobe ,0,0,0,0,1,1,0,0,0,0,0,5,1,1,3,5,5,2,3,3,3,3,2,2,2,,the lack of answer key,2,1,1,5,2,3,PHIL,0,0,0,1,0,0,0,,B+,3.3
5325008660,W17PHIL279L02,PHIL279,Winter,Open,ForallX,0,0,0,1,1,0,0,Pdf reader,0,0,0,0,1,0,0,1,1,0,0,4,2,1,3,5,3,2,4,3,4,3,3,2,4,,Some example solutions are hard ro follow,2,1,3,3,1,2,CPSC,0,1,0,0,0,0,0,,B+,3.3
5324698569,W17PHIL279L02,PHIL279,Winter,Open,ForallX,1,0,0,1,0,0,0,Chrome,0,0,1,0,0,0,0,1,0,0,0,4,4,2,3,4,5,5,4,3,5,5,3,3,4,It is very cheap to buy.  ,It does not have enough examples,2,5,1,5,1,4,MATH,1,0,0,0,0,0,0,,A-,3.7
5324390670,W17PHIL279L02,PHIL279,Winter,Open,ForallX,0,1,0,0,0,0,0,Google pdf reader,0,0,0,0,1,0,0,0,0,0,0,5,3,2,1,5,4,4,3,4,4,5,4,4,4,,,2,1,1,5,1,1,PHYS,0,0,1,0,0,0,0,,A,4
5324365294,W17PHIL279L02,PHIL279,Winter,Open,ForallX,0,0,0,1,0,0,0,Word,0,0,0,0,1,1,1,0,0,0,0,4,1,1,2,3,2,5,4,4,4,4,4,3,4,It was very clear and concise.  Easy to learn from.,"The downloaded version only goes to page 200, leaving out atleast 10 chapters.  Also the placement of symbols got a it warped so the examples were hard to figure out.",2,4,1,5,2,1,PHIL,0,0,0,1,0,0,0,,A-,3.7
5324356976,W17PHIL279L02,PHIL279,Winter,Open,ForallX,0,0,0,1,0,0,0,PDF-XChange Viewer,0,0,0,0,1,1,1,1,1,0,0,6,4,4,4,5,5,5,5,5,5,5,5,5,5,"The biggest thing is just that it's a PDF so I can scroll about and Ctrl+F search through the whole text, instead of dealing with ridiculous paginated crap like MindTap or whatever else Pearson has come up with.","Nothing, it's pretty much ideal.",3,5,1,5,1,1,CPSC,0,1,0,0,0,0,1,Finance,A+,4.3
5324347646,W17PHIL279L02,PHIL279,Winter,Open,ForallX,0,0,0,1,0,0,0,D2L,0,0,0,0,1,0,0,1,0,0,0,5,2,2,2,4,4,5,4,3,4,5,3,3,3,Cheat sheet at the back,Skims over some topics,0,1,1,5,1,1,CPSC,0,1,0,0,0,0,0,,B+,3.3
5324326858,W17PHIL279L02,PHIL279,Winter,Open,ForallX,0,0,0,1,0,0,0,PDF,0,0,0,0,1,0,0,0,1,0,0,6,3,5,2,5,5,4,4,4,4,4,4,4,4,examples,no graphs,3,5,4,2,1,1,CPSC,0,1,0,0,0,0,0,,A-,3.7
5324320475,W17PHIL279L02,PHIL279,Winter,Open,ForallX,0,0,0,1,0,0,0,Adobe,0,0,0,0,1,0,0,0,0,0,0,5,1,2,1,4,5,3,2,3,4,3,3,2,3,,,0,4,2,4,1,2,NEUR,0,0,0,0,0,1,0,,A-,3.7
5324299488,W17PHIL279L02,PHIL279,Winter,Open,ForallX,0,0,0,1,0,0,0,Adobe,0,0,0,0,1,1,1,0,0,0,0,6,3,5,3,5,4,3,3,4,4,4,3,3,4,the summary of the rules,only a few examples,2,5,3,3,2,1,CPSC,0,1,0,0,0,0,0,,A,4
5324281312,W17PHIL279L02,PHIL279,Winter,Open,ForallX,0,0,0,1,0,0,0,Adobe,1,0,0,1,0,0,0,0,0,0,0,6,2,5,3,5,5,4,4,4,5,4,4,4,4,The examples are contemporary and easy to relate to.,There is no glossary for me to go to look at definition of terms very quickly.,3,3,4,2,1,5,CPSC,0,1,0,0,1,0,0,,B+,3.3
5324268494,W17PHIL279L02,PHIL279,Winter,Open,ForallX,0,0,0,1,0,0,0,MapleRead,0,0,0,0,1,0,0,0,1,0,0,5,2,5,5,3,5,4,3,5,4,5,4,3,4,"If this is only the first versoon, I think the textbook is well above the standard. It's clear and easy to understand. I could hardly find any typos.",There is not much background info s about the fornulation of logical languages.,2,4,3,3,1,2,MATH,1,1,0,0,0,0,0,,A,4
5324208728,W17PHIL279L02,PHIL279,Winter,Open,ForallX,0,1,0,1,0,0,0,Adobe,0,0,0,0,1,1,1,1,1,1,0,4,2,3,2,3,2,,,,,,,,,,,,,,,,,OTHR,0,0,0,0,0,0,0,,,
5339410223,W17PHIL279L01,PHIL279,Winter,Commercial,Goldfarb,1,0,0,0,0,0,0,,0,0,1,1,0,0,0,0,0,0,1,6,1,1,1,5,5,3,4,2,4,3,2,1,2,"The diagrams and flow charts were helpful for understanding truth tables, comple disjunctive normal form, and also truth trees.","The language was archaic, and sometimes difficult to understand. Textbook was not very good at explaining the theory behind some of the concepts.",2,1,2,4,1,1,OTHR,0,0,0,0,0,0,1,"Double major, Economics and Political Science",C+,2.3
5338167712,W17PHIL279L01,PHIL279,Winter,Commercial,Goldfarb,0,0,0,0,0,1,0,,0,0,1,0,0,0,0,0,0,0,1,3,1,1,1,1,2,2,2,2,3,3,3,1,2,"It was quite detailed, but I found taking notes in class was enough.",It went over material not covered in class or on tests.,3,2,3,3,1,1,CPSC,0,1,0,0,0,0,0,,A-,3.7
5337961598,W17PHIL279L01,PHIL279,Winter,Commercial,Goldfarb,1,0,0,0,0,0,0,,0,0,0,0,0,0,0,0,0,0,0,2,2,1,1,1,1,1,2,1,1,3,1,1,2,Not a whole lot.,"It just did not really aid me when I needed it most, which was during assignments.",3,1,5,1,1,3,PHIL,0,0,0,1,0,0,0,,B,3
5330857870,W17PHIL279L01,PHIL279,Winter,Commercial,Goldfarb,1,0,0,0,0,0,0,,0,0,0,1,0,0,0,0,0,0,0,4,1,1,1,3,3,3,2,2,2,2,2,2,2,"It is alright, but the study guide that the TA posted was must more helpful",It was difficult to understand because the symbols were slightly different,2,1,1,5,1,1,CPSC,0,1,0,0,0,0,0,,A-,3.7
5330707281,W17PHIL279L01,PHIL279,Winter,Commercial,Goldfarb,0,0,0,0,0,0,1,Adobe,0,0,0,0,1,1,0,0,1,0,0,5,3,3,4,4,4,4,4,4,4,4,4,4,4,I like the study guide from Teppei. It is very solid and useful.,N/A,2,4,4,2,1,2,CPSC,0,1,0,0,0,0,0,,A,4
5330687107,W17PHIL279L01,PHIL279,Winter,Commercial,Goldfarb,0,0,0,0,1,0,0,,0,0,0,1,1,0,0,0,0,0,0,4,1,2,1,3,4,3,2,2,3,3,2,2,2,Can help with the homework,Can also be very confusing and not help at all,3,3,2,4,1,1,CPSC,0,1,0,0,0,0,0,,B,3
5330682433,W17PHIL279L01,PHIL279,Winter,Commercial,Goldfarb,1,0,0,0,0,0,0,,0,0,1,1,0,0,0,1,0,1,0,6,4,2,1,5,5,2,5,3,3,3,2,1,1,N/A,"I usually really like learning from textbooks, however I found the logic textbook difficult and hard to follow.",3,3,4,2,2,3,CPSC,0,1,0,0,0,0,0,,B+,3.3
5330680406,W17PHIL279L01,PHIL279,Winter,Commercial,Goldfarb,1,0,0,0,0,0,0,,0,0,0,0,0,0,0,0,0,0,0,2,1,1,1,3,3,3,3,3,2,4,3,2,3,"The text provides some useful explanations, examples and practice questions.",The text doesn’t have answers for enough of the practice problems.  The textbook’s approach to teaching the material is often different from the approach taken by the professor. This considerably reduces the textbook’s usefulness.,3,2,3,3,1,1,CPSC,0,1,0,0,0,0,0,,A+,4.3
5330670052,W17PHIL279L01,PHIL279,Winter,Commercial,Goldfarb,1,0,0,0,0,0,0,,1,1,0,1,0,0,0,0,0,0,1,4,3,2,2,2,2,3,2,2,3,4,4,3,2,the text was able to help when i needed a question answered.,confusing in some topics.,3,5,5,1,1,3,CPSC,0,1,0,0,0,0,0,,B-,2.7
5325821952,W17PHIL279L01,PHIL279,Winter,Commercial,Goldfarb,1,0,0,0,0,0,0,,0,0,0,0,1,0,0,0,0,0,1,1,1,1,1,1,1,1,1,1,1,1,1,1,1,Nothing.,There is no electronic version of it.,3,5,5,1,1,2,ENGG,0,0,0,0,1,0,0,,A-,3.7
5325603756,W17PHIL279L01,PHIL279,Winter,Commercial,Goldfarb,0,0,0,0,0,1,0,,0,0,1,0,0,0,0,0,0,0,1,4,1,2,1,4,3,3,4,5,4,3,4,3,4,I liked the fact it was clear and concise when it came to explaining the material. ,"Due to the fact the professor did not exactly adhere to the structure/set up of the text, it was hard to figure where we were in the textbook itself. ",0,1,3,3,2,1,CPSC,0,1,0,0,0,0,0,,B,3
5324785711,W17PHIL279L01,PHIL279,Winter,Commercial,Goldfarb,0,0,0,0,0,0,1,,0,0,0,0,1,0,0,0,0,0,1,1,1,1,3,1,1,2,3,1,1,3,1,1,1,Nothing ,Everything,4,1,5,1,1,1,CPSC,0,1,0,0,0,0,0,,B+,3.3
5324348953,W17PHIL279L01,PHIL279,Winter,Commercial,Goldfarb,1,0,0,0,0,0,0,,0,0,0,1,0,0,0,0,0,0,1,2,1,2,1,2,3,1,1,2,3,2,1,1,2,It explains things in a different way.,"It's not very clear on what it is trying to say, it's hard to follow the textbook based on the material we are taught, it doesn't contain enough information about the material.",3,5,4,2,2,1,CPSC,0,1,0,0,0,0,0,,B-,2.7
5324295186,W17PHIL279L01,PHIL279,Winter,Commercial,Goldfarb,0,0,0,0,0,0,1,,0,0,0,0,1,0,0,0,0,0,1,1,2,1,1,2,2,3,3,3,3,3,3,3,3,,,3,4,3,3,1,5,CPSC,0,1,0,0,0,0,0,,A-,3.7
5324261521,W17PHIL279L01,PHIL279,Winter,Commercial,Goldfarb,1,0,0,0,0,0,0,,0,0,0,0,1,0,0,0,0,0,0,1,1,1,1,1,1,1,1,1,1,1,1,1,1,,,0,5,5,1,1,2,CPSC,0,1,0,0,0,0,0,,A-,3.7
5324207215,W17PHIL279L01,PHIL279,Winter,Commercial,Goldfarb,1,0,0,0,0,0,0,,0,0,1,0,0,0,0,0,0,0,1,4,1,1,1,1,3,2,1,1,2,2,2,1,1,The examples were occasionally helpful. More examples would be better.,This textbook left me more confused after each time I tried reviewing material in it.,3,1,5,1,1,1,CPSC,0,1,0,0,0,0,0,,B+,3.3
5342341453,W17PHIL379,PHIL379,Winter,Commercial,BBJ,0,0,0,1,0,0,0,SumatraPDF or anything but Adobe,0,0,0,0,1,0,0,1,1,0,0,5,1,3,3,1,4,4,4,2,3,2,2,1,2,It has interesting material that goes into more depth on topics from class. The inset logical statements emphasize material well and are easy to comprehend.,It is hard to find the material that we do emphasize in class. The writing is dense. It is hard to read relevant sections without reading the entire chapter from the start. The methods used and even some definitions differ from the material in class.,3,3,2,4,1,4,MATH,1,0,0,0,0,0,0,,A+,4.3
5340346673,W17PHIL379,PHIL379,Winter,Commercial,BBJ,0,0,0,0,1,0,0,,0,0,1,0,0,0,0,0,0,0,1,2,1,1,1,2,2,4,3,3,3,3,3,1,3,"Didn't use it that often, but when I did it offered a new perspective. Sometimes that's all you need to understand something.",It often complicates things WAY more than they need to be. Professors always do a better job at it.,2,4,3,3,1,4,OTHR,0,0,0,0,0,0,1,Business/1,A-,3.7
5338777002,W17PHIL379,PHIL379,Winter,Commercial,BBJ,1,0,0,0,0,0,0,,0,0,1,0,0,0,0,0,0,0,0,4,4,3,3,4,4,3,3,4,1,3,1,3,2,The text is very thorough in the math logic concepts it covers. ,"I didn't like the fact that the text isn't written very clearly.Also, the text tends to jump all over the place or teach content in questions instead of covering all content inside of a chapter. ",4,3,3,3,2,2,CPSC,0,1,0,0,0,0,0,,B,3
5337992478,W17PHIL379,PHIL379,Winter,Commercial,BBJ,1,0,0,0,0,0,0,,0,0,1,0,0,0,0,0,0,0,1,5,3,1,1,3,5,1,1,2,2,5,3,3,3,,This textbook is not a very good tool for the class. ,3,1,3,3,2,2,OTHR,0,0,0,0,0,0,1,Arts,W,0
5337962327,W17PHIL379,PHIL379,Winter,Commercial,BBJ,1,0,0,0,0,0,0,,1,1,1,0,0,0,0,0,0,0,0,6,3,3,3,3,5,3,3,4,4,2,3,4,4,,,3,5,5,1,1,1,CPSC,0,1,0,0,0,0,0,,B+,3.3
5330965045,W17PHIL379,PHIL379,Winter,Commercial,BBJ,1,0,0,0,0,0,0,,0,1,0,0,0,0,0,0,0,0,1,2,1,1,1,2,2,2,2,2,2,4,3,1,3,,,3,3,3,3,1,4,PHIL,0,0,0,1,0,0,0,,C,2
5330835437,W17PHIL379,PHIL379,Winter,Commercial,BBJ,1,0,0,0,0,0,0,,0,0,1,1,0,0,0,0,0,0,1,4,2,4,1,3,4,2,3,1,2,1,1,2,1,The diagrams and maybe the indepth explainations. ,The fact that the material covered is different from the lectures so there's really no point of reading the chapters because the prof didn't even cover it. ,3,5,5,1,2,4,CPSC,0,1,0,0,0,0,0,,C,2
5330670923,W17PHIL379,PHIL379,Winter,Commercial,BBJ,0,1,0,0,0,0,0,Amazon eBooks,0,0,0,0,1,0,0,0,0,0,0,2,2,3,2,4,5,2,3,1,1,2,1,2,2,,"Descriptions are unclear, definitions of terms are over complicated. Textbook is never straight-forward.",4,4,4,2,1,2,CPSC,0,1,0,0,0,0,0,,B,3
5328218457,W17PHIL379,PHIL379,Winter,Commercial,BBJ,0,0,0,0,1,0,0,,0,0,0,0,1,0,0,0,0,0,0,2,1,1,1,2,2,3,2,3,4,4,2,3,3,,,2,5,3,3,2,5,MATH,1,0,0,0,0,0,0,,B-,2.7
5327749120,W17PHIL379,PHIL379,Winter,Commercial,BBJ,1,0,0,0,0,0,0,,0,0,0,0,0,0,0,0,0,0,1,4,1,1,1,2,2,1,2,2,2,2,1,1,2,Almost nothing,Overly dense  Not enough visuals  BORING  Didn't help me learn except for a few exceptions,0,1,5,1,1,4,PHIL,0,0,0,1,0,0,0,,B+,3.3
5324859159,W17PHIL379,PHIL379,Winter,Commercial,BBJ,0,0,0,1,0,0,0,Adobe,0,0,0,0,1,0,0,0,0,0,0,2,1,1,1,2,2,1,1,1,2,1,1,1,1,It made me search for better sources,"Needlessly dense, yet somehow unclear on major concepts.",0,1,5,1,1,3,CPSC,0,1,0,0,0,0,0,,A,4
5324738262,W17PHIL379,PHIL379,Winter,Commercial,BBJ,0,0,0,1,0,0,0,Adobe,0,0,0,0,1,0,0,0,0,0,0,2,1,2,1,2,3,2,3,3,3,3,3,2,2,,,0,1,5,1,1,3,CPSC,0,1,0,0,0,0,0,,A-,3.7
5324349653,W17PHIL379,PHIL379,Winter,Commercial,BBJ,0,0,0,1,0,0,0,zathura,0,0,0,0,1,0,0,1,0,0,0,4,1,1,2,3,3,,,2,,3,3,1,2,,"Diverged from the course material, in an overly complex way.",0,,,,1,3,CPSC,0,1,0,0,0,0,0,,A-,3.7
5324345623,W17PHIL379,PHIL379,Winter,Commercial,BBJ,1,0,0,1,0,0,0,,0,0,1,0,0,0,0,1,0,0,0,6,3,3,2,5,5,5,5,3,3,2,2,3,3,It conveys the necessary ideas,"The textbook is written in a verbose manner. Some of the passages are long-winded and the point the text is getting to takes a significant amount of time. The theorems and important concepts could be better laid out as well, and are sometimes hard to find again when reviewing.",3,5,2,4,1,1,CPSC,0,1,0,0,0,0,0,,B,3
5324251506,W17PHIL379,PHIL379,Winter,Commercial,BBJ,0,0,0,1,0,0,0,qpdfview (Linux),0,0,0,0,1,0,0,0,1,0,0,5,2,2,1,4,5,4,2,2,2,4,2,3,4,Very detailed and formal.,"Can sometimes be a bit too focused on the formal details,  it's hard to follow the main idea. ",3,5,3,3,3,2,MATH,1,1,0,0,0,0,0,,W,0
5324242796,W17PHIL379,PHIL379,Winter,Commercial,BBJ,1,0,0,0,0,0,0,,0,0,1,0,0,0,0,0,0,0,1,4,3,2,1,3,4,3,3,4,3,4,3,2,2,"All the details were there, and plenty of examples for further reading.",This book was written very precise manner and at a higher reading level. I would prefer the explanations to bo written in every day language. ,3,5,5,1,1,2,MATH,1,1,0,0,0,0,0,,A,4
5324219393,W17PHIL379,PHIL379,Winter,Commercial,BBJ,1,0,0,0,0,0,0,,0,0,1,0,0,0,0,0,0,0,1,5,2,3,1,4,5,3,3,2,3,4,3,2,3,"It's concise in its language and write choice, so it's difficult to misinterpret passages.","The material can be esoteric, so there have been ruined when I had issues understanding the material.",4,1,4,2,2,4,PHIL,0,0,0,1,0,0,0,,C,2
5324209439,W17PHIL379,PHIL379,Winter,Commercial,BBJ,0,1,0,0,0,0,0,Kindle,0,0,0,0,1,1,0,1,0,0,0,4,1,1,1,5,5,4,2,2,3,2,3,1,2,Seems to align with the lessons.,No answers in the textbook (or even hints). Very formal. More examples would be good. Break down the major proofs further. ,4,2,1,5,2,3,MATH,1,0,0,0,0,0,0,,B,3
5324208046,W17PHIL379,PHIL379,Winter,Commercial,BBJ,0,0,0,1,0,0,0,Adobe,0,0,0,0,1,0,0,0,0,0,0,2,1,1,1,1,2,1,1,1,3,1,1,1,3,"Very little to like, really. A decent amount of examples, but some of the examples are insanely difficult compared to the actual material discussed.","Dr. Kazmi doesn't follow the text, so it is basically useless. The textbook does not provide full proofs and when it does there are sometimes errors (according to my TA). The text also doesn't seem to follow any sort of organization, they just jump in and out of proofs randomly with no clear starting point of when the proof has started or ended (unlike in a math textbook they write ""Proof:"" and then have a complete proof, however this textbook decides not to even do that...). Honestly a waste of time to read.",2,3,5,1,1,2,PHYS,0,0,1,0,1,0,1,Astro1/Mechanical 1,B+,3.3
5324207880,W17PHIL379,PHIL379,Winter,Commercial,BBJ,0,0,0,1,0,0,0,Sumatra PDF,0,0,0,0,1,0,0,0,0,0,0,3,1,1,1,2,2,1,1,2,3,1,1,1,1,,,2,1,1,5,1,3,CPSC,0,1,0,0,0,0,0,,A-,3.7
5159768825,F16PHIL379,PHIL379,Fall,Open,SLC,1,0,0,1,0,0,0,,1,1,0,0,0,0,0,1,0,0,0,6,3,2,1,4,5,4,5,3,5,5,2,5,5,It is an interesting topic,It is not explained well enough,3,4,1,5,1,3,CPSC,0,1,1,0,0,0,0,,W,0
5146272939,F16PHIL379,PHIL379,Fall,Open,SLC,0,0,0,1,1,0,0,Google Drive,0,0,1,0,0,1,1,1,0,0,0,6,5,4,2,5,5,3,4,2,4,5,3,3,2,It's encompassing for the subject material for the course.,It feels dense and overwhelming.,2,5,1,5,1,4,CPSC,0,1,0,0,0,0,0,,B,3
5145512925,F16PHIL379,PHIL379,Fall,Open,SLC,0,0,0,1,0,0,0,Adobe,0,0,0,0,1,0,0,0,0,0,0,6,3,4,1,5,5,4,4,3,3,4,3,2,3,It is reasonably clear about the concepts it presented and provides a decent amount of examples.,I incredibly dislike texts that contain exercises with no solutions. It can also be somewhat dense and require multiple readings to understand in places.,4,1,1,5,1,2,MATH,1,0,0,0,0,0,0,,A-,3.7
5144332482,F16PHIL379,PHIL379,Fall,Open,SLC,1,0,0,0,0,0,0,,1,1,1,0,0,0,0,0,0,0,1,6,2,2,2,2,5,4,4,3,4,4,4,3,4,- Low price  - Available for free online  - Examples provide plenty of detail,- Pretty dry  - Some examples were very over complicated,3,5,1,5,1,4,CPSC,0,1,0,0,0,0,0,,B,3
5142976868,F16PHIL379,PHIL379,Fall,Open,SLC,1,0,0,1,0,0,0,FoxIt,0,0,1,0,0,0,0,1,0,0,0,6,2,1,2,5,5,5,5,4,4,4,4,3,4,Extremely well organised.,"Symbols that make notes hard to take. Problem with material, not with book.",3,3,1,5,1,3,CPSC,0,1,0,0,0,0,0,,B,3
5142599873,F16PHIL379,PHIL379,Fall,Open,SLC,0,0,0,1,0,0,0,Adobe,0,0,0,0,1,0,0,1,1,0,0,6,3,3,1,5,5,5,5,5,3,5,4,3,4,No specific point that I like.,No specific point that I dislike.,2,5,1,5,1,2,CPSC,0,1,0,0,0,0,0,,B+,3.3
5135155250,F16PHIL379,PHIL379,Fall,Open,SLC,0,0,0,1,0,0,0,Adobe,0,0,0,0,1,0,0,0,0,0,0,5,2,1,1,5,5,3,4,5,5,5,4,3,4,"Honestly, I had no idea it was an open-source textbook until now so it was put together very well. Explanations were great and the design was clear and simple.",More examples for concepts and perhaps some more different perspective to approach questions (if applicable).,2,5,1,5,2,2,CPSC,0,1,0,0,0,0,0,,B,3
5131917264,F16PHIL379,PHIL379,Fall,Open,SLC,1,0,0,0,0,0,0,,0,0,0,1,0,0,0,0,0,0,0,6,3,4,1,5,5,4,5,3,5,5,4,2,4,"The text is organized, the structure and sequence of the chapters are adequate as well.","I do 1 and very little knowledge about logic. Taking this into consideration, I think the explanations (in particular the proofs) throughout the book are not as clear as they could be. For instance, the transition between different steps and the overall strategy in a proof could be made more explicit. Maybe these transitions and strategies are clear for mathematicians/computer scientists/logicians, but I assume many philosophers would have problem with them.   ",3,3,1,5,1,5,PHIL,0,0,0,1,0,0,0,,A-,3.7
5131459759,F16PHIL379,PHIL379,Fall,Open,SLC,0,0,0,1,0,0,0,Adobe,0,0,0,0,1,0,0,1,1,0,0,6,5,5,1,5,5,5,2,4,5,5,3,3,4,I like how well it was organized and it flowed really well with Professor Zach's teachings. I felt like every page was relevant to what we were learning and to the homework assignments,I feel like there should be more examples. Even redundant basic examples would be useful to help some slower learners comprehend ,3,1,1,5,1,4,CPSC,0,1,0,0,0,0,0,,B,3
5131243819,F16PHIL379,PHIL379,Fall,Open,SLC,1,0,0,1,0,0,0,PDF,1,1,1,1,0,0,0,0,0,0,0,6,4,1,2,5,5,5,4,5,5,5,4,4,5,"I liked how wide the margins were, allowed for notes. I also enjoyed the format, with lots of examples and step-by-step process. ",N/A,4,1,1,5,2,5,OTHR,0,0,0,0,0,0,1,Psychology + Zoology,W,0
5130252568,F16PHIL379,PHIL379,Fall,Open,SLC,0,0,0,1,0,0,0,Evince,0,0,0,0,1,0,0,1,1,0,0,6,4,1,1,5,5,5,4,4,4,4,4,3,4,The fact that it was provided for free was huge.  The fact that it was an annotated PDF with section bookmarks was also nice.,"A couple typos here and there, but nothing major.  Not amazingly engaging, but it's a logic textbook. Not much can be done there.",3,5,1,5,1,4,CPSC,0,1,0,0,0,0,0,,A+,4.3
5130237290,F16PHIL379,PHIL379,Fall,Open,SLC,1,0,0,1,0,0,0,Adobe,0,0,1,1,0,0,0,1,0,0,0,6,3,2,1,5,5,3,5,3,3,5,3,2,3,I like how it's really organized.,Some parts are too heavy to read.,2,5,1,5,2,3,CPSC,0,1,0,0,0,0,0,,C-,1.7
5129870941,F16PHIL379,PHIL379,Fall,Open,SLC,1,0,0,1,0,0,0,Adobe Acrobat Reader DC,0,0,1,0,0,0,0,0,0,0,0,6,2,3,1,4,5,4,4,5,3,3,2,2,2,Examples are clear,"Sometimes examples are incomplete, and instead ask you to finish them as an exercise. Lack of index.",3,5,1,5,1,2,CPSC,0,1,0,0,0,0,0,,A-,3.7
5129737168,F16PHIL379,PHIL379,Fall,Open,SLC,0,0,0,1,1,1,1,FoxIt,0,0,0,0,1,1,1,0,1,0,0,5,2,2,2,4,5,4,5,4,4,4,5,3,4,It's freely available   It usually does a good job at explaining things,Sometimes it seems too wordy or not mathy enough.,0,5,1,5,1,2,CPSC,0,1,0,0,0,0,0,,A-,3.7
5129669763,F16PHIL379,PHIL379,Fall,Open,SLC,1,0,0,1,0,0,0,Adobe,0,0,1,0,0,1,0,1,0,0,0,6,3,4,3,5,5,3,3,4,4,4,2,3,4,"The clarity for most things,  that definitions are bolded and separated in boxes,  the summary sections. ",I feel that it needs more specific examples. Some of them are wordy and unclear. Long proofs are time consuming and hard to follow. Shorter ones that are simplified would be easier to understand. Do not like that there is no answer/hint key for the problems. Some are impossible without examples.,3,5,1,5,2,4,PHIL,0,0,0,1,0,0,0,,B+,3.3
5129667785,F16PHIL379,PHIL379,Fall,Open,SLC,0,0,0,1,0,0,0,Adobe,0,0,0,0,1,0,0,1,0,0,0,5,2,3,1,4,5,3,2,4,4,4,3,4,4,That the definitions and theorems are outlined in boxes ,there's no solutions to problem sets ,2,2,1,5,2,3,MATH,1,0,0,0,0,0,0,,B,3
5129663780,F16PHIL379,PHIL379,Fall,Open,SLC,1,0,0,1,0,0,0,Adobe,1,1,1,1,0,1,0,1,0,0,0,5,4,4,4,4,5,5,5,5,5,5,5,4,5,"Its clear, concise, and has all the information required to do my homework assignments.","It can be wordy at times, but over all it is a very helpful text book",2,5,1,5,2,2,MATH,1,1,0,0,0,0,0,,C+,2.3
5165390675,F16PHIL279L02,PHIL279,Fall,Commercial,Chellas,0,0,0,0,0,0,1,,0,0,0,0,1,0,0,0,0,0,1,1,1,1,1,1,1,3,2,3,4,4,1,3,3,"It tries to explain the reasoning behind logic problems, fostering understanding rather than memory.",The textbook's difficulty does not match the difficulty of the course. ,3,5,4,2,1,2,NEUR,0,0,0,0,0,1,0,,A,4
5162478048,F16PHIL279L02,PHIL279,Fall,Commercial,Chellas,1,0,0,0,0,0,0,,0,0,1,0,0,0,0,0,0,0,1,4,2,2,2,2,3,3,4,3,3,2,2,3,3,It has lots of examples and is has graphs which is useful  ,It's too long,3,2,4,2,1,1,MATH,1,1,0,0,0,0,0,,A,4
5161553649,F16PHIL279L02,PHIL279,Fall,Commercial,Chellas,1,0,0,0,0,0,0,,0,0,1,0,0,1,1,0,1,0,0,1,1,1,1,1,1,3,3,3,3,3,3,2,3,"It seemed well organized and followed the material, when I first looked at it","I did not need it, so I never actually used it",2,2,5,1,2,2,CPSC,0,1,0,0,0,0,0,,A,4
5160601678,F16PHIL279L02,PHIL279,Fall,Commercial,Chellas,1,0,0,0,0,0,0,,1,0,1,1,0,0,0,1,1,0,0,6,4,3,1,5,5,2,1,1,5,2,2,1,2,,The text follows a very proprietary approach to the material which leaves little opportunity for referencing other academic texts. ,3,1,4,2,1,1,CPSC,0,1,0,0,0,0,0,,W,0
5159850603,F16PHIL279L02,PHIL279,Fall,Commercial,Chellas,1,0,0,0,0,0,0,,0,0,1,1,0,0,0,0,0,0,0,5,3,5,4,5,5,4,5,4,5,5,4,4,4,"I like how there are many practice problems for me to do. Additionally, the instructor provided detailed solutions to those problems. Furthermore, important paragraphs that the instructor pointed out were written with great detail!","The text itself would not have answers to all questions, instead the instructor posted solutions onto D2L",2,5,1,5,1,1,OTHR,0,0,0,0,0,0,1,Biological Sciences,A,4
5159613092,F16PHIL279L02,PHIL279,Fall,Commercial,Chellas,0,0,0,0,0,0,1,,0,0,0,0,1,0,0,0,0,0,1,1,1,1,1,1,1,,,,,,,,,,,4,,,,1,4,PHYS,0,0,1,0,0,0,0,,A+,4.3
5159470785,F16PHIL279L02,PHIL279,Fall,Commercial,Chellas,0,0,0,0,0,0,0,,0,0,0,0,0,0,0,0,0,0,0,,,,,,,,,,,,,,,,,,,,,,,OTHR,0,0,0,0,0,0,0,,,
5152145730,F16PHIL279L02,PHIL279,Fall,Commercial,Chellas,1,0,0,0,0,0,0,,0,0,1,0,0,0,0,0,0,0,1,6,2,4,1,5,5,3,4,3,5,4,5,4,5,"All concepts were explained in a very clear manner, with multiple examples ensuring a precision in what it was getting across. ","Though it was very clear, the writing was not necessarily illuminating, however this is formal logic we are talking about. ",4,1,1,5,1,3,MATH,1,0,0,0,0,0,0,,A,4
5147463719,F16PHIL279L02,PHIL279,Fall,Commercial,Chellas,1,0,0,0,0,0,0,,0,0,0,0,1,0,0,0,0,0,1,1,1,1,1,1,1,2,1,1,1,2,1,1,1,Nothing,Everything,0,2,5,1,1,1,CPSC,0,1,0,0,0,0,0,,B,3
5145961151,F16PHIL279L02,PHIL279,Fall,Commercial,Chellas,1,0,0,0,0,0,0,,0,0,1,1,0,0,0,0,0,0,1,3,1,1,1,1,2,2,3,3,3,4,2,2,3,There are lots of examples.,Goes into a lot of detail that you don't need but skims over some important stuff.,3,4,2,4,2,5,CPSC,0,1,0,0,0,0,0,,A+,4.3
5145607283,F16PHIL279L02,PHIL279,Fall,Commercial,Chellas,0,0,0,0,1,0,0,,0,0,1,1,0,0,0,1,0,0,0,2,1,2,1,4,2,3,4,4,4,2,4,4,2,The textbook explains concepts in detail.,The textbook may need to organize the explanations in sections and include more diagrams,0,5,4,2,2,1,CPSC,0,1,0,0,0,0,0,,A+,4.3
5143351400,F16PHIL279L02,PHIL279,Fall,Commercial,Chellas,1,0,0,0,0,0,0,,0,0,1,0,0,0,0,0,0,0,0,5,3,1,1,3,3,3,4,3,4,2,3,3,4,,,3,4,4,2,1,2,OTHR,0,0,0,0,0,0,1,Statistics,B-,2.7
5143220453,F16PHIL279L02,PHIL279,Fall,Commercial,Chellas,1,0,0,0,0,0,0,,0,0,0,0,0,0,0,0,0,0,0,2,1,2,1,2,2,4,3,3,4,3,3,3,3,,,3,2,3,3,1,2,NEUR,0,0,0,0,0,1,0,,A,4
5143126403,F16PHIL279L02,PHIL279,Fall,Commercial,Chellas,1,0,0,0,0,0,0,,0,0,1,0,0,0,0,0,0,0,1,,2,2,1,4,4,3,3,3,4,4,4,2,3,Decent reference when I need more examples.,"Dry, perhaps too much information for the course.  I should note that I'm not taking Logic 2 (PHIL379) after this class, but if I was I might appreciate it more.",2,4,3,3,1,4,ENGG,0,0,0,0,1,0,0,,A,4
5142978559,F16PHIL279L02,PHIL279,Fall,Commercial,Chellas,0,0,1,0,0,0,0,,0,0,1,0,0,0,0,1,0,0,0,2,1,1,1,1,2,3,4,4,5,2,2,1,1,,Very difficult to understand ,4,4,5,1,1,5,CPSC,0,1,0,0,1,0,0,,A+,4.3
5142723415,F16PHIL279L02,PHIL279,Fall,Commercial,Chellas,0,0,0,0,0,0,1,,0,0,0,0,1,0,0,0,0,0,1,1,1,1,1,1,1,4,5,5,5,5,5,4,5,,,4,1,2,4,2,4,MATH,1,0,0,0,0,0,1,Economics,A+,4.3
5142647861,F16PHIL279L02,PHIL279,Fall,Commercial,Chellas,1,0,0,0,0,0,0,,0,0,1,0,0,0,0,1,0,0,0,6,4,3,4,4,5,5,4,4,3,4,4,1,4,How much context the examples gave,It gave good context for one method and only that one method,3,5,3,3,1,1,CPSC,0,1,0,0,0,0,0,,C,2
5142555075,F16PHIL279L02,PHIL279,Fall,Commercial,Chellas,1,0,0,0,0,0,0,,1,1,0,0,0,0,0,0,0,0,1,4,1,1,2,4,4,4,4,3,3,4,3,2,2,organized ,"sometimes unclear, wording used is too vague ",3,2,4,2,2,2,OTHR,0,0,0,0,0,0,1,political science,A-,3.7
5142537513,F16PHIL279L02,PHIL279,Fall,Commercial,Chellas,1,0,0,0,0,0,0,,0,0,1,1,0,0,0,0,0,0,1,5,1,3,1,4,4,3,3,4,4,3,2,2,3,,,3,3,4,2,1,2,CPSC,0,1,0,0,0,0,0,,B-,2.7
5142437874,F16PHIL279L02,PHIL279,Fall,Commercial,Chellas,1,0,0,0,0,0,0,,1,1,1,1,0,0,0,0,0,0,1,5,2,2,1,3,5,5,5,5,5,5,4,2,4,Lot's of practise exercises,Difficulty explaining certain topics,2,5,2,4,1,2,CPSC,0,1,0,0,0,0,0,,A,4
5142394538,F16PHIL279L02,PHIL279,Fall,Commercial,Chellas,1,0,0,0,0,0,0,,1,0,0,0,0,1,0,0,0,0,0,6,4,4,4,4,4,4,4,4,4,4,4,4,4,,,0,4,4,2,1,1,CPSC,0,1,0,0,0,0,0,,A,4
5142392402,F16PHIL279L02,PHIL279,Fall,Commercial,Chellas,1,0,0,0,0,0,0,,1,1,0,1,0,0,0,1,0,1,0,5,1,2,1,5,3,3,2,2,5,5,2,4,3,,,3,5,3,3,2,3,CPSC,0,1,0,0,0,0,0,,B+,3.3
5138671588,F16PHIL279L02,PHIL279,Fall,Commercial,Chellas,0,0,1,0,0,0,0,,0,0,1,0,0,0,0,0,0,0,1,4,1,1,1,1,2,3,3,3,4,4,2,1,2,organization is very similar to lecture material,Language can be hard to understand. Requires a bit of flipping back and forth for terms. Almost as if to answer one problem I'm having I'll have to look up answers to 2 new confusions.,2,1,2,4,2,2,NEUR,0,0,0,0,0,1,0,,A+,4.3
5131920458,F16PHIL279L02,PHIL279,Fall,Commercial,Chellas,1,0,0,0,0,0,0,,0,0,0,1,0,0,0,0,0,0,1,5,2,2,1,4,4,2,3,3,2,3,2,3,3,"Laying out the basic and derived rules, and what they are used for.",Not detailed enough in explaining certain concepts.,2,4,3,3,1,3,CPSC,0,1,0,0,0,0,1,Geo1 (combined degree with 1),A,4
5131269879,F16PHIL279L02,PHIL279,Fall,Commercial,Chellas,1,0,0,0,0,0,0,,0,0,1,1,0,0,0,0,0,0,1,5,2,2,1,5,3,4,3,5,4,4,4,3,4,It is concise and intuitive ,It tends to recycle a lot of the same examples (Always frogs for some reason),4,2,1,5,1,2,PHIL,0,0,0,1,0,0,0,,C,2
5130069992,F16PHIL279L02,PHIL279,Fall,Commercial,Chellas,0,0,0,0,0,0,1,,0,0,0,0,1,0,0,0,0,0,1,1,1,1,1,1,1,,,,,,,,,,,,2,,,2,2,CPSC,0,1,0,0,0,0,0,,A,4
5129982273,F16PHIL279L02,PHIL279,Fall,Commercial,Chellas,1,0,0,0,0,0,0,,1,1,1,1,0,0,0,0,0,0,0,4,1,2,1,4,1,4,2,1,4,3,1,1,1,"It uses lots of examples to get basic points across early in the text, that drops off later on. (Unfortunately.)","The physical copy has very low durability. It's designed almost as if it couldn't be returned to the Bookstore after purchasing. Overpriced cost of $50. An almost useless amount of examples with not enough emphasis on explaining the content in a manageable way. (I don't need 20 examples wasting multiple pages when I can't even understand what RAA is.)  Inaccessible language later on that repeatedly has the use backtrack in the book to a single explanation rather than attempting to re-detail, re-explain, and simplify definitions and example. The lack of accessible language almost makes it feel like you need to be a experienced in logic to understand the book.  No alternate copies or versions available, and no accessible electronic versions available.    Overall, my biggest gripe with taking the Logic class was the textbook itself. I've found it useless, and a scam considering it's considered vital to the course. Even more so when it's unlikely you'll be able to refund it if you choose to go without it, because the textbook could probably get damaged by a fly landing on it.",2,2,5,1,1,1,CPSC,0,1,0,0,0,0,0,,C-,1.7
5129963220,F16PHIL279L02,PHIL279,Fall,Commercial,Chellas,1,0,0,0,0,0,0,,1,1,0,1,0,0,0,0,0,0,1,6,3,3,1,5,5,,,,,,,,,,,,,,,,,OTHR,0,0,0,0,0,0,0,,,
5129741992,F16PHIL279L02,PHIL279,Fall,Commercial,Chellas,1,0,0,0,0,0,0,,0,0,1,0,0,0,0,0,0,0,0,5,3,5,1,5,5,5,5,4,5,5,5,4,4,"It corresponds well to the course material. If something in the lecture was unclear, I can find clarification in the text. The text provides additional reading and exercises to enhance my understanding.","At times it is wordy. You must read through significantly more text than is required to get the ""fact"" you are looking for. However, I appreciate that there's a sense of humour to it. ",0,1,1,5,2,1,CPSC,0,1,0,0,0,0,0,,A,4
5129699928,F16PHIL279L02,PHIL279,Fall,Commercial,Chellas,1,0,0,0,0,0,0,,0,0,0,0,1,0,0,0,0,0,1,1,1,1,1,1,1,3,3,3,3,3,3,2,2,I don't use it.,Not directly what is discussed in class. Professor does an adequate job explaining everything and putting up example problems.,0,4,5,1,2,2,PHIL,0,0,0,1,0,0,1,double major with Sociology,A-,3.7
5129693701,F16PHIL279L02,PHIL279,Fall,Commercial,Chellas,1,0,0,0,0,0,0,,1,0,0,0,0,0,0,0,0,0,1,5,3,1,1,3,1,4,2,2,4,4,3,1,1,It provides thorough explanations,Hard to understand,3,2,3,3,2,4,OTHR,0,0,0,0,0,0,1,Business,B+,3.3
5129684639,F16PHIL279L02,PHIL279,Fall,Commercial,Chellas,1,0,0,0,0,0,0,PDF,0,0,1,1,0,0,0,1,0,1,0,2,2,2,1,2,2,2,2,2,2,2,2,1,2,,,2,1,4,2,1,1,CPSC,0,1,0,0,0,0,0,,B+,3.3
5145373629,F16PHIL279L01,PHIL279,Fall,Commercial,Goldfarb,1,0,0,0,0,0,0,,0,0,1,0,0,0,0,0,0,0,1,3,2,1,3,4,3,2,3,3,2,4,2,1,4,Provides some extra practice problems,Not necessarily  in line with the course,2,4,2,4,2,1,OTHR,0,0,0,0,0,0,1,Commerce,B,3
5144518496,F16PHIL279L01,PHIL279,Fall,Commercial,Goldfarb,1,0,0,0,0,0,0,,0,0,1,0,0,0,0,0,0,0,1,4,2,2,2,5,3,3,3,3,3,3,3,2,3,The textbook explains concepts very well. It goes step-by-step and shows examples along with it,The textbook tends to be a little dull and has wordy explanations. Not enough examples.,3,1,4,2,2,1,CPSC,0,1,0,0,0,0,0,,C-,1.7
5144318177,F16PHIL279L01,PHIL279,Fall,Commercial,Goldfarb,1,0,0,0,0,0,0,,0,0,1,0,0,0,0,0,0,0,1,5,4,2,1,5,5,3,4,3,3,5,4,3,5,Very helpful tool,Examples we do in class are different than textbook ,2,2,3,3,2,2,CPSC,0,1,0,0,0,0,0,,B,3
5144246136,F16PHIL279L01,PHIL279,Fall,Commercial,Goldfarb,1,0,0,0,0,0,0,,0,0,0,0,1,0,0,0,0,0,1,1,1,1,1,1,2,3,1,2,2,2,1,1,2,It is a smaller book that is easier to carry,It did not help me whatsoever. The information provided did not clearly explain the subject and examples were not clear,2,3,5,1,2,1,OTHR,0,0,0,0,0,0,1,Biological Sciences,A-,3.7
5143134791,F16PHIL279L01,PHIL279,Fall,Commercial,Goldfarb,1,0,0,0,0,0,0,,0,0,0,1,0,0,0,0,0,0,1,6,1,1,1,3,5,5,5,4,4,3,4,4,2,,,2,5,5,1,1,1,CPSC,0,1,0,0,0,0,0,,A,4
5142735345,F16PHIL279L01,PHIL279,Fall,Commercial,Goldfarb,1,0,0,0,0,0,0,,0,0,1,0,0,0,0,0,0,0,1,4,4,4,4,4,4,4,4,4,4,4,4,1,1,,It was very unclear. ,3,4,2,4,2,,CPSC,0,1,0,0,0,0,0,,A,4
5142572642,F16PHIL279L01,PHIL279,Fall,Commercial,Goldfarb,1,0,0,0,0,0,0,,1,0,0,0,1,0,0,0,0,0,1,2,1,2,1,2,1,3,3,3,3,4,4,2,4,It is not very heavy,,2,3,5,1,,3,CPSC,0,1,0,0,0,0,1,Health Sciences,A+,4.3
5142532924,F16PHIL279L01,PHIL279,Fall,Commercial,Goldfarb,1,0,0,0,0,0,0,,0,0,1,0,0,0,0,0,0,0,1,2,2,2,1,3,2,4,3,4,4,4,4,2,3,,,3,1,5,1,1,1,CPSC,0,1,0,0,0,0,0,,A-,3.7
5142372744,F16PHIL279L01,PHIL279,Fall,Commercial,Goldfarb,0,0,0,0,1,1,0,,0,0,1,0,0,1,0,1,0,0,0,5,1,1,1,3,5,3,2,3,4,4,2,3,5,,,2,5,5,1,1,2,MATH,1,0,0,0,0,0,0,,A-,3.7
5133239272,F16PHIL279L01,PHIL279,Fall,Commercial,Goldfarb,1,0,0,0,0,0,0,,0,0,0,0,0,0,0,0,0,0,1,1,1,1,1,1,1,1,1,1,1,1,1,1,1,Absolutely nothing.,Th all content in the textbook can be considered either irrelevant to the course or so cursory that it provides no benifit.  ,4,1,5,1,1,1,OTHR,0,0,0,0,0,0,1,Biological Science,A-,3.7
5131742825,F16PHIL279L01,PHIL279,Fall,Commercial,Goldfarb,0,0,0,0,1,1,1,,0,0,0,0,1,0,0,0,0,0,1,2,1,1,1,1,1,5,4,4,4,4,4,4,5,,,3,3,3,3,1,1,CPSC,0,1,0,0,0,0,1,"Economics, Law",A,4
5131704790,F16PHIL279L01,PHIL279,Fall,Commercial,Goldfarb,1,0,0,0,0,0,0,,0,0,1,0,0,0,0,0,0,0,0,4,1,2,1,2,3,1,1,2,3,1,1,1,1,The text provides some clarification ,"It seems to go out of its way to make the topics even more confusing, i.e long sentence that seem to ramble before making their point. Also examples that were done in class seemed absent in the book. ",3,3,3,3,2,1,PHIL,0,0,0,1,0,0,0,,D,1
5131637825,F16PHIL279L01,PHIL279,Fall,Commercial,Goldfarb,1,0,0,1,0,0,0,,0,0,1,1,0,0,0,1,0,0,0,4,1,4,1,5,4,3,2,3,2,3,2,1,3,I like that it has clear examples and explanations.,"I dislike that it is a different formatting and syntax then what we study in phil 279 with Kazmi. Additionally, Kazmi doesn't state where in the book they use L1, L2, or L3, etc. The examples are quite different then the ones we use. I feel the textbook is good at overall informing us of concepts and terminology, but in terms of actually doing questions, it is rather poor.",4,1,3,3,1,2,MATH,1,1,0,0,0,0,0,,A-,3.7
5131579400,F16PHIL279L01,PHIL279,Fall,Commercial,Goldfarb,1,0,0,0,0,0,0,,0,0,1,0,0,0,0,0,0,0,1,2,1,1,,1,4,4,4,4,3,3,2,2,3,"The explanation of manipulating sentences in L1, L2 and L3 is fine.",the material regarding English to L2 and L3 and from L2 and L3 to English is weak.,3,1,5,1,2,1,PHIL,0,0,0,1,0,0,0,,C,2
5131262812,F16PHIL279L01,PHIL279,Fall,Commercial,Goldfarb,1,0,0,0,0,0,0,,0,0,1,0,0,0,0,0,0,0,0,2,2,2,1,2,2,2,1,1,2,3,1,1,,the first chapter was easy to read and understand.,"Every chapter, excluding the first was very difficult to understand. ",3,2,3,3,2,1,MATH,1,0,0,0,0,0,0,,B,3
5131028913,F16PHIL279L01,PHIL279,Fall,Commercial,Goldfarb,1,0,0,0,0,0,0,,0,0,1,1,0,0,0,1,0,1,0,4,2,2,1,4,3,2,4,2,3,2,3,2,1,It's small and easy to carry with you.,Very difficult to understand. The information is presented in a formal way and the examples are not very relatable. Does not summarize the concepts in a way that helps you grasp the overall idea behind the logic. It could explain how to find a solution to a problem better through a more step by step format. I would use the textbook more if I found it more helpful for my understanding of logic. ,4,1,2,4,2,2,CPSC,0,1,0,0,0,0,0,,A-,3.7
5130954224,F16PHIL279L01,PHIL279,Fall,Commercial,Goldfarb,1,0,0,0,0,0,0,,0,0,1,0,0,0,0,0,0,0,1,3,1,1,1,2,3,3,3,4,3,4,3,2,2,,,2,3,5,1,2,4,OTHR,0,0,0,0,0,0,1,Economics ,A,4
5130387994,F16PHIL279L01,PHIL279,Fall,Commercial,Goldfarb,1,0,0,0,0,0,0,,0,0,1,1,0,0,0,0,0,0,1,6,5,5,3,5,5,3,3,3,4,3,4,3,2,,,2,2,4,2,1,1,CPSC,0,1,0,0,0,0,0,,B,3
5130214010,F16PHIL279L01,PHIL279,Fall,Commercial,Goldfarb,1,0,0,0,0,0,0,,0,1,1,1,0,0,0,0,0,0,1,6,4,3,3,5,5,5,4,3,3,4,3,3,3,The text is written in a logical manner that builds your knowledge of the subject at a reasonable pace. ,The text is written in a stilted manner that sometimes makes it difficult or less enjoyable to follow.,3,5,2,4,1,1,CPSC,0,1,0,0,0,0,0,,A+,4.3
5130078710,F16PHIL279L01,PHIL279,Fall,Commercial,Goldfarb,0,0,0,0,0,0,1,,0,0,0,0,1,0,0,0,0,0,1,1,1,1,1,1,1,,,,,,,,,,,2,5,5,1,1,2,CPSC,0,1,0,0,0,0,0,,A,4
5130072531,F16PHIL279L01,PHIL279,Fall,Commercial,Goldfarb,1,0,0,0,0,0,0,,0,0,1,0,0,0,0,0,0,0,1,2,1,1,1,2,1,4,3,5,3,5,3,4,4,"Kind of tells a story, so is interesting.",Not concise,2,4,4,2,1,1,NEUR,0,0,0,0,0,1,0,,A,4
5130071618,F16PHIL279L01,PHIL279,Fall,Commercial,Goldfarb,1,0,0,0,0,0,0,,0,0,1,0,0,0,0,0,0,0,0,2,2,2,1,1,1,1,1,1,1,1,1,3,4,,,3,3,5,1,1,2,PHYS,0,0,1,0,1,0,0,,A,4
5130051018,F16PHIL279L01,PHIL279,Fall,Commercial,Goldfarb,1,0,0,0,0,0,0,,0,0,0,1,0,0,0,0,0,0,1,1,1,1,1,1,1,3,3,3,3,3,3,3,3,I've never actually used the textbook because the class covers everything I need...,,0,4,5,1,2,2,CPSC,0,1,0,0,0,0,0,,B,3
5130049416,F16PHIL279L01,PHIL279,Fall,Commercial,Goldfarb,1,0,0,0,0,0,0,,0,0,0,0,1,0,0,0,0,0,0,4,1,1,1,3,3,3,3,4,4,4,4,4,3,,,3,3,3,3,1,1,CPSC,0,1,1,0,0,0,0,,A,4
5130011123,F16PHIL279L01,PHIL279,Fall,Commercial,Goldfarb,1,0,0,0,0,0,0,,0,0,0,0,0,0,0,0,0,0,0,1,1,1,1,1,1,1,1,1,1,1,1,1,1,,,3,1,1,5,1,2,OTHR,0,0,0,0,0,0,1,Biomedical Sciences,A+,4.3
5129988907,F16PHIL279L01,PHIL279,Fall,Commercial,Goldfarb,0,0,0,0,0,0,1,,0,0,0,0,1,0,0,0,0,0,1,1,1,1,1,1,1,1,1,1,1,1,1,1,1,,,0,5,5,1,1,2,OTHR,0,0,0,0,0,0,1,Bioinformatics,A,4
5129979224,F16PHIL279L01,PHIL279,Fall,Commercial,Goldfarb,1,0,0,0,0,0,0,,0,0,1,0,0,0,0,0,0,0,1,4,1,2,1,5,1,3,3,2,4,4,2,3,3,Provides a concise description of all content covered within the course.    Plenty of opportunity for practice.    Useful to receive a different perspective of the course material.,"Perhaps a bit too concise. It's nice to have the material available in a form which is abbreviated, but if you don't understand the topic then a brief description and plenty of practice isn't going to help much.",3,4,4,2,1,3,OTHR,0,0,0,0,0,0,1,Bioinformatics,A+,4.3
5129972862,F16PHIL279L01,PHIL279,Fall,Commercial,Goldfarb,1,0,0,0,0,0,0,,0,0,0,0,1,0,0,0,0,0,0,1,1,1,1,1,1,,,,,,,,,,,,,,,,,OTHR,0,0,0,0,0,0,0,,,
